State,Parliamentary_Constituencies,Voter_Turnout_Percent,Turnout_Gap_From_Mean,Turnout_Group
Andaman & Nicobar Islands,1,65.12,-6.214166666666671,Moderate (60–70%)
Andhra Pradesh,25,80.38,9.04583333333332,Very High (>80%)
Arunachal Pradesh,2,82.11,10.775833333333324,Very High (>80%)
Assam,14,81.6,10.26583333333332,Very High (>80%)
Bihar,40,57.33,-14.004166666666675,Low (<60%)
Chandigarh,1,70.61,-0.724166666666676,High (70–80%)
Chhattisgarh,11,71.64,0.3058333333333252,High (70–80%)
Dadra & Nagar Haveli,1,79.58,8.245833333333323,High (70–80%)
Daman & Diu,1,71.85,0.5158333333333189,High (70–80%)
Goa,2,75.14,3.805833333333325,High (70–80%)
Gujarat,26,64.51,-6.82416666666667,Moderate (60–70%)
Haryana,10,70.34,-0.994166666666672,High (70–80%)
Himachal Pradesh,4,72.42,1.0858333333333263,High (70–80%)
Jammu & Kashmir,6,44.97,-26.36416666666668,Low (<60%)
Jharkhand,14,66.8,-4.534166666666678,Moderate (60–70%)
Karnataka,28,68.81,-2.524166666666673,Moderate (60–70%)
Kerala,20,77.84,6.505833333333328,High (70–80%)
Lakshadweep,1,85.21,13.875833333333318,Very High (>80%)
Madhya Pradesh,29,71.2,-0.1341666666666725,High (70–80%)
Maharashtra,48,61.02,-10.314166666666672,Moderate (60–70%)
Manipur,2,82.69,11.355833333333322,Very High (>80%)
Meghalaya,2,71.43,0.0958333333333314,High (70–80%)
Mizoram,1,63.14,-8.194166666666675,Moderate (60–70%)
Nagaland,1,83.0,11.665833333333325,Very High (>80%)
NCT OF Delhi,7,60.6,-10.734166666666674,Moderate (60–70%)
Odisha,21,73.29,1.9558333333333309,High (70–80%)
Puducherry,1,81.25,9.915833333333325,Very High (>80%)
Punjab,13,65.94,-5.394166666666678,Moderate (60–70%)
Rajasthan,25,66.34,-4.994166666666672,Moderate (60–70%)
Sikkim,1,81.41,10.07583333333332,Very High (>80%)
Tamil Nadu,39,72.44,1.1058333333333223,High (70–80%)
Telangana,17,62.77,-8.564166666666672,Moderate (60–70%)
Tripura,2,82.4,11.06583333333333,Very High (>80%)
Uttar Pradesh,80,59.21,-12.124166666666676,Low (<60%)
Uttarakhand,5,61.88,-9.454166666666673,Moderate (60–70%)
West Bengal,42,81.76,10.42583333333333,Very High (>80%)
